﻿<error errorId="e0df0df3-c7a4-4031-be81-c3efeda63721" application="/LM/W3SVC/2/ROOT" host="PC_ALEJANDERO" type="System.ArgumentException" message="The parameters dictionary contains a null entry for parameter 'id' of non-nullable type 'System.Int32' for method 'System.Web.Mvc.ActionResult Details(Int32)' in 'BaseApplication.MvcWebHost.Areas.Mantenedor.Controllers.ExaminadorController'. An optional parameter must be a reference type, a nullable type, or be declared as an optional parameter.&#xD;&#xA;Nombre del parámetro: parameters" source="System.Web.Mvc" detail="System.ArgumentException: The parameters dictionary contains a null entry for parameter 'id' of non-nullable type 'System.Int32' for method 'System.Web.Mvc.ActionResult Details(Int32)' in 'BaseApplication.MvcWebHost.Areas.Mantenedor.Controllers.ExaminadorController'. An optional parameter must be a reference type, a nullable type, or be declared as an optional parameter.&#xD;&#xA;Nombre del parámetro: parameters&#xD;&#xA;   en System.Web.Mvc.ActionDescriptor.ExtractParameterFromDictionary(ParameterInfo parameterInfo, IDictionary`2 parameters, MethodInfo methodInfo)&#xD;&#xA;   en System.Web.Mvc.ReflectedActionDescriptor.Execute(ControllerContext controllerContext, IDictionary`2 parameters)&#xD;&#xA;   en System.Web.Mvc.ControllerActionInvoker.InvokeActionMethod(ControllerContext controllerContext, ActionDescriptor actionDescriptor, IDictionary`2 parameters)&#xD;&#xA;   en System.Web.Mvc.Async.AsyncControllerActionInvoker.ActionInvocation.InvokeSynchronousActionMethod()&#xD;&#xA;   en System.Web.Mvc.Async.AsyncControllerActionInvoker.&lt;BeginInvokeSynchronousActionMethod&gt;b__36(IAsyncResult asyncResult, ActionInvocation innerInvokeState)&#xD;&#xA;   en System.Web.Mvc.Async.AsyncResultWrapper.WrappedAsyncResult`2.CallEndDelegate(IAsyncResult asyncResult)&#xD;&#xA;   en System.Web.Mvc.Async.AsyncResultWrapper.WrappedAsyncResultBase`1.End()&#xD;&#xA;   en System.Web.Mvc.Async.AsyncResultWrapper.End[TResult](IAsyncResult asyncResult, Object tag)&#xD;&#xA;   en System.Web.Mvc.Async.AsyncControllerActionInvoker.EndInvokeActionMethod(IAsyncResult asyncResult)&#xD;&#xA;   en System.Web.Mvc.Async.AsyncControllerActionInvoker.AsyncInvocationWithFilters.&lt;InvokeActionMethodFilterAsynchronouslyRecursive&gt;b__3c()&#xD;&#xA;   en System.Web.Mvc.Async.AsyncControllerActionInvoker.AsyncInvocationWithFilters.&lt;&gt;c__DisplayClass45.&lt;InvokeActionMethodFilterAsynchronouslyRecursive&gt;b__3e()&#xD;&#xA;   en System.Web.Mvc.Async.AsyncControllerActionInvoker.&lt;&gt;c__DisplayClass30.&lt;BeginInvokeActionMethodWithFilters&gt;b__2f(IAsyncResult asyncResult)&#xD;&#xA;   en System.Web.Mvc.Async.AsyncResultWrapper.WrappedAsyncResult`1.CallEndDelegate(IAsyncResult asyncResult)&#xD;&#xA;   en System.Web.Mvc.Async.AsyncResultWrapper.WrappedAsyncResultBase`1.End()&#xD;&#xA;   en System.Web.Mvc.Async.AsyncResultWrapper.End[TResult](IAsyncResult asyncResult, Object tag)&#xD;&#xA;   en System.Web.Mvc.Async.AsyncControllerActionInvoker.EndInvokeActionMethodWithFilters(IAsyncResult asyncResult)&#xD;&#xA;   en System.Web.Mvc.Async.AsyncControllerActionInvoker.&lt;&gt;c__DisplayClass1e.&lt;&gt;c__DisplayClass28.&lt;BeginInvokeAction&gt;b__19()&#xD;&#xA;   en System.Web.Mvc.Async.AsyncControllerActionInvoker.&lt;&gt;c__DisplayClass1e.&lt;BeginInvokeAction&gt;b__1b(IAsyncResult asyncResult)" time="2015-03-23T18:35:02.7587239Z">
  <serverVariables>
    <item name="ALL_HTTP">
      <value string="HTTP_CONNECTION:Keep-Alive&#xD;&#xA;HTTP_ACCEPT:text/html, application/xhtml+xml, */*&#xD;&#xA;HTTP_ACCEPT_ENCODING:gzip, deflate&#xD;&#xA;HTTP_ACCEPT_LANGUAGE:es-CL&#xD;&#xA;HTTP_HOST:localhost:50233&#xD;&#xA;HTTP_USER_AGENT:Mozilla/5.0 (Windows NT 6.1; WOW64; Trident/7.0; rv:11.0) like Gecko&#xD;&#xA;HTTP_DNT:1&#xD;&#xA;" />
    </item>
    <item name="ALL_RAW">
      <value string="Connection: Keep-Alive&#xD;&#xA;Accept: text/html, application/xhtml+xml, */*&#xD;&#xA;Accept-Encoding: gzip, deflate&#xD;&#xA;Accept-Language: es-CL&#xD;&#xA;Host: localhost:50233&#xD;&#xA;User-Agent: Mozilla/5.0 (Windows NT 6.1; WOW64; Trident/7.0; rv:11.0) like Gecko&#xD;&#xA;DNT: 1&#xD;&#xA;" />
    </item>
    <item name="APPL_MD_PATH">
      <value string="/LM/W3SVC/2/ROOT" />
    </item>
    <item name="APPL_PHYSICAL_PATH">
      <value string="C:\Dev\BaseApplication\BaseApplication.MvcWebHost\" />
    </item>
    <item name="AUTH_TYPE">
      <value string="" />
    </item>
    <item name="AUTH_USER">
      <value string="" />
    </item>
    <item name="AUTH_PASSWORD">
      <value string="*****" />
    </item>
    <item name="LOGON_USER">
      <value string="" />
    </item>
    <item name="REMOTE_USER">
      <value string="" />
    </item>
    <item name="CERT_COOKIE">
      <value string="" />
    </item>
    <item name="CERT_FLAGS">
      <value string="" />
    </item>
    <item name="CERT_ISSUER">
      <value string="" />
    </item>
    <item name="CERT_KEYSIZE">
      <value string="" />
    </item>
    <item name="CERT_SECRETKEYSIZE">
      <value string="" />
    </item>
    <item name="CERT_SERIALNUMBER">
      <value string="" />
    </item>
    <item name="CERT_SERVER_ISSUER">
      <value string="" />
    </item>
    <item name="CERT_SERVER_SUBJECT">
      <value string="" />
    </item>
    <item name="CERT_SUBJECT">
      <value string="" />
    </item>
    <item name="CONTENT_LENGTH">
      <value string="0" />
    </item>
    <item name="CONTENT_TYPE">
      <value string="" />
    </item>
    <item name="GATEWAY_INTERFACE">
      <value string="CGI/1.1" />
    </item>
    <item name="HTTPS">
      <value string="off" />
    </item>
    <item name="HTTPS_KEYSIZE">
      <value string="" />
    </item>
    <item name="HTTPS_SECRETKEYSIZE">
      <value string="" />
    </item>
    <item name="HTTPS_SERVER_ISSUER">
      <value string="" />
    </item>
    <item name="HTTPS_SERVER_SUBJECT">
      <value string="" />
    </item>
    <item name="INSTANCE_ID">
      <value string="2" />
    </item>
    <item name="INSTANCE_META_PATH">
      <value string="/LM/W3SVC/2" />
    </item>
    <item name="LOCAL_ADDR">
      <value string="::1" />
    </item>
    <item name="PATH_INFO">
      <value string="/Mantenedor/Examinador/Details" />
    </item>
    <item name="PATH_TRANSLATED">
      <value string="C:\Dev\BaseApplication\BaseApplication.MvcWebHost\Mantenedor\Examinador\Details" />
    </item>
    <item name="QUERY_STRING">
      <value string="" />
    </item>
    <item name="REMOTE_ADDR">
      <value string="::1" />
    </item>
    <item name="REMOTE_HOST">
      <value string="::1" />
    </item>
    <item name="REMOTE_PORT">
      <value string="2118" />
    </item>
    <item name="REQUEST_METHOD">
      <value string="GET" />
    </item>
    <item name="SCRIPT_NAME">
      <value string="/Mantenedor/Examinador/Details" />
    </item>
    <item name="SERVER_NAME">
      <value string="localhost" />
    </item>
    <item name="SERVER_PORT">
      <value string="50233" />
    </item>
    <item name="SERVER_PORT_SECURE">
      <value string="0" />
    </item>
    <item name="SERVER_PROTOCOL">
      <value string="HTTP/1.1" />
    </item>
    <item name="SERVER_SOFTWARE">
      <value string="Microsoft-IIS/8.0" />
    </item>
    <item name="URL">
      <value string="/Mantenedor/Examinador/Details" />
    </item>
    <item name="HTTP_CONNECTION">
      <value string="Keep-Alive" />
    </item>
    <item name="HTTP_ACCEPT">
      <value string="text/html, application/xhtml+xml, */*" />
    </item>
    <item name="HTTP_ACCEPT_ENCODING">
      <value string="gzip, deflate" />
    </item>
    <item name="HTTP_ACCEPT_LANGUAGE">
      <value string="es-CL" />
    </item>
    <item name="HTTP_HOST">
      <value string="localhost:50233" />
    </item>
    <item name="HTTP_USER_AGENT">
      <value string="Mozilla/5.0 (Windows NT 6.1; WOW64; Trident/7.0; rv:11.0) like Gecko" />
    </item>
    <item name="HTTP_DNT">
      <value string="1" />
    </item>
  </serverVariables>
</error>