﻿<error errorId="ce917cc7-ff4d-486d-b10e-439cdbda2f75" application="/LM/W3SVC/2/ROOT" host="PC_ALEJANDERO" type="System.InvalidOperationException" message="The view 'CreateSessionVar' or its master was not found or no view engine supports the searched locations. The following locations were searched:&#xD;&#xA;~/Areas/Mantenedor/Views/Comuna/CreateSessionVar.aspx&#xD;&#xA;~/Areas/Mantenedor/Views/Comuna/CreateSessionVar.ascx&#xD;&#xA;~/Areas/Mantenedor/Views/Shared/CreateSessionVar.aspx&#xD;&#xA;~/Areas/Mantenedor/Views/Shared/CreateSessionVar.ascx&#xD;&#xA;~/Views/Comuna/CreateSessionVar.aspx&#xD;&#xA;~/Views/Comuna/CreateSessionVar.ascx&#xD;&#xA;~/Views/Shared/CreateSessionVar.aspx&#xD;&#xA;~/Views/Shared/CreateSessionVar.ascx&#xD;&#xA;~/Areas/Mantenedor/Views/Comuna/CreateSessionVar.cshtml&#xD;&#xA;~/Areas/Mantenedor/Views/Comuna/CreateSessionVar.vbhtml&#xD;&#xA;~/Areas/Mantenedor/Views/Shared/CreateSessionVar.cshtml&#xD;&#xA;~/Areas/Mantenedor/Views/Shared/CreateSessionVar.vbhtml&#xD;&#xA;~/Views/Comuna/CreateSessionVar.cshtml&#xD;&#xA;~/Views/Comuna/CreateSessionVar.vbhtml&#xD;&#xA;~/Views/Shared/CreateSessionVar.cshtml&#xD;&#xA;~/Views/Shared/CreateSessionVar.vbhtml" source="System.Web.Mvc" detail="System.InvalidOperationException: The view 'CreateSessionVar' or its master was not found or no view engine supports the searched locations. The following locations were searched:&#xD;&#xA;~/Areas/Mantenedor/Views/Comuna/CreateSessionVar.aspx&#xD;&#xA;~/Areas/Mantenedor/Views/Comuna/CreateSessionVar.ascx&#xD;&#xA;~/Areas/Mantenedor/Views/Shared/CreateSessionVar.aspx&#xD;&#xA;~/Areas/Mantenedor/Views/Shared/CreateSessionVar.ascx&#xD;&#xA;~/Views/Comuna/CreateSessionVar.aspx&#xD;&#xA;~/Views/Comuna/CreateSessionVar.ascx&#xD;&#xA;~/Views/Shared/CreateSessionVar.aspx&#xD;&#xA;~/Views/Shared/CreateSessionVar.ascx&#xD;&#xA;~/Areas/Mantenedor/Views/Comuna/CreateSessionVar.cshtml&#xD;&#xA;~/Areas/Mantenedor/Views/Comuna/CreateSessionVar.vbhtml&#xD;&#xA;~/Areas/Mantenedor/Views/Shared/CreateSessionVar.cshtml&#xD;&#xA;~/Areas/Mantenedor/Views/Shared/CreateSessionVar.vbhtml&#xD;&#xA;~/Views/Comuna/CreateSessionVar.cshtml&#xD;&#xA;~/Views/Comuna/CreateSessionVar.vbhtml&#xD;&#xA;~/Views/Shared/CreateSessionVar.cshtml&#xD;&#xA;~/Views/Shared/CreateSessionVar.vbhtml&#xD;&#xA;   en System.Web.Mvc.ViewResult.FindView(ControllerContext context)&#xD;&#xA;   en System.Web.Mvc.ViewResultBase.ExecuteResult(ControllerContext context)&#xD;&#xA;   en System.Web.Mvc.ControllerActionInvoker.InvokeActionResult(ControllerContext controllerContext, ActionResult actionResult)&#xD;&#xA;   en System.Web.Mvc.ControllerActionInvoker.InvokeActionResultFilterRecursive(IList`1 filters, Int32 filterIndex, ResultExecutingContext preContext, ControllerContext controllerContext, ActionResult actionResult)&#xD;&#xA;   en System.Web.Mvc.ControllerActionInvoker.InvokeActionResultFilterRecursive(IList`1 filters, Int32 filterIndex, ResultExecutingContext preContext, ControllerContext controllerContext, ActionResult actionResult)&#xD;&#xA;   en System.Web.Mvc.ControllerActionInvoker.InvokeActionResultWithFilters(ControllerContext controllerContext, IList`1 filters, ActionResult actionResult)&#xD;&#xA;   en System.Web.Mvc.Async.AsyncControllerActionInvoker.&lt;&gt;c__DisplayClass1e.&lt;&gt;c__DisplayClass28.&lt;BeginInvokeAction&gt;b__19()&#xD;&#xA;   en System.Web.Mvc.Async.AsyncControllerActionInvoker.&lt;&gt;c__DisplayClass1e.&lt;BeginInvokeAction&gt;b__1b(IAsyncResult asyncResult)" time="2015-05-08T00:16:29.0421877Z">
  <serverVariables>
    <item name="ALL_HTTP">
      <value string="HTTP_CONNECTION:keep-alive&#xD;&#xA;HTTP_ACCEPT:text/html,application/xhtml+xml,application/xml;q=0.9,image/webp,*/*;q=0.8&#xD;&#xA;HTTP_ACCEPT_ENCODING:gzip, deflate, lzma, sdch&#xD;&#xA;HTTP_ACCEPT_LANGUAGE:es-ES,es;q=0.8&#xD;&#xA;HTTP_COOKIE:ASP.NET_SessionId=muecjj3qukmtpvsogevoltte; __RequestVerificationToken=Gg230P5OJZJhp_amga9ez_qIp5KHKgc18wle7wP2wzxEZ-j0y0Eskqv-sLvT94CGBBEVqa37uLRQeBjPzXKt3LJ6JeCuODqh7SZXxNB_1pY1&#xD;&#xA;HTTP_HOST:localhost:50233&#xD;&#xA;HTTP_REFERER:http://localhost:50233/Mantenedor/Comuna&#xD;&#xA;HTTP_USER_AGENT:Mozilla/5.0 (Windows NT 6.1; WOW64) AppleWebKit/537.36 (KHTML, like Gecko) Chrome/42.0.2311.90 Safari/537.36 OPR/29.0.1795.47&#xD;&#xA;" />
    </item>
    <item name="ALL_RAW">
      <value string="Connection: keep-alive&#xD;&#xA;Accept: text/html,application/xhtml+xml,application/xml;q=0.9,image/webp,*/*;q=0.8&#xD;&#xA;Accept-Encoding: gzip, deflate, lzma, sdch&#xD;&#xA;Accept-Language: es-ES,es;q=0.8&#xD;&#xA;Cookie: ASP.NET_SessionId=muecjj3qukmtpvsogevoltte; __RequestVerificationToken=Gg230P5OJZJhp_amga9ez_qIp5KHKgc18wle7wP2wzxEZ-j0y0Eskqv-sLvT94CGBBEVqa37uLRQeBjPzXKt3LJ6JeCuODqh7SZXxNB_1pY1&#xD;&#xA;Host: localhost:50233&#xD;&#xA;Referer: http://localhost:50233/Mantenedor/Comuna&#xD;&#xA;User-Agent: Mozilla/5.0 (Windows NT 6.1; WOW64) AppleWebKit/537.36 (KHTML, like Gecko) Chrome/42.0.2311.90 Safari/537.36 OPR/29.0.1795.47&#xD;&#xA;" />
    </item>
    <item name="APPL_MD_PATH">
      <value string="/LM/W3SVC/2/ROOT" />
    </item>
    <item name="APPL_PHYSICAL_PATH">
      <value string="C:\Dev\BaseApplication\BaseApplication.MvcWebHost\" />
    </item>
    <item name="AUTH_TYPE">
      <value string="" />
    </item>
    <item name="AUTH_USER">
      <value string="" />
    </item>
    <item name="AUTH_PASSWORD">
      <value string="*****" />
    </item>
    <item name="LOGON_USER">
      <value string="" />
    </item>
    <item name="REMOTE_USER">
      <value string="" />
    </item>
    <item name="CERT_COOKIE">
      <value string="" />
    </item>
    <item name="CERT_FLAGS">
      <value string="" />
    </item>
    <item name="CERT_ISSUER">
      <value string="" />
    </item>
    <item name="CERT_KEYSIZE">
      <value string="" />
    </item>
    <item name="CERT_SECRETKEYSIZE">
      <value string="" />
    </item>
    <item name="CERT_SERIALNUMBER">
      <value string="" />
    </item>
    <item name="CERT_SERVER_ISSUER">
      <value string="" />
    </item>
    <item name="CERT_SERVER_SUBJECT">
      <value string="" />
    </item>
    <item name="CERT_SUBJECT">
      <value string="" />
    </item>
    <item name="CONTENT_LENGTH">
      <value string="0" />
    </item>
    <item name="CONTENT_TYPE">
      <value string="" />
    </item>
    <item name="GATEWAY_INTERFACE">
      <value string="CGI/1.1" />
    </item>
    <item name="HTTPS">
      <value string="off" />
    </item>
    <item name="HTTPS_KEYSIZE">
      <value string="" />
    </item>
    <item name="HTTPS_SECRETKEYSIZE">
      <value string="" />
    </item>
    <item name="HTTPS_SERVER_ISSUER">
      <value string="" />
    </item>
    <item name="HTTPS_SERVER_SUBJECT">
      <value string="" />
    </item>
    <item name="INSTANCE_ID">
      <value string="2" />
    </item>
    <item name="INSTANCE_META_PATH">
      <value string="/LM/W3SVC/2" />
    </item>
    <item name="LOCAL_ADDR">
      <value string="::1" />
    </item>
    <item name="PATH_INFO">
      <value string="/Mantenedor/Comuna/CreateSessionVar" />
    </item>
    <item name="PATH_TRANSLATED">
      <value string="C:\Dev\BaseApplication\BaseApplication.MvcWebHost\Mantenedor\Comuna\CreateSessionVar" />
    </item>
    <item name="QUERY_STRING">
      <value string="" />
    </item>
    <item name="REMOTE_ADDR">
      <value string="::1" />
    </item>
    <item name="REMOTE_HOST">
      <value string="::1" />
    </item>
    <item name="REMOTE_PORT">
      <value string="2226" />
    </item>
    <item name="REQUEST_METHOD">
      <value string="GET" />
    </item>
    <item name="SCRIPT_NAME">
      <value string="/Mantenedor/Comuna/CreateSessionVar" />
    </item>
    <item name="SERVER_NAME">
      <value string="localhost" />
    </item>
    <item name="SERVER_PORT">
      <value string="50233" />
    </item>
    <item name="SERVER_PORT_SECURE">
      <value string="0" />
    </item>
    <item name="SERVER_PROTOCOL">
      <value string="HTTP/1.1" />
    </item>
    <item name="SERVER_SOFTWARE">
      <value string="Microsoft-IIS/8.0" />
    </item>
    <item name="URL">
      <value string="/Mantenedor/Comuna/CreateSessionVar" />
    </item>
    <item name="HTTP_CONNECTION">
      <value string="keep-alive" />
    </item>
    <item name="HTTP_ACCEPT">
      <value string="text/html,application/xhtml+xml,application/xml;q=0.9,image/webp,*/*;q=0.8" />
    </item>
    <item name="HTTP_ACCEPT_ENCODING">
      <value string="gzip, deflate, lzma, sdch" />
    </item>
    <item name="HTTP_ACCEPT_LANGUAGE">
      <value string="es-ES,es;q=0.8" />
    </item>
    <item name="HTTP_COOKIE">
      <value string="ASP.NET_SessionId=muecjj3qukmtpvsogevoltte; __RequestVerificationToken=Gg230P5OJZJhp_amga9ez_qIp5KHKgc18wle7wP2wzxEZ-j0y0Eskqv-sLvT94CGBBEVqa37uLRQeBjPzXKt3LJ6JeCuODqh7SZXxNB_1pY1" />
    </item>
    <item name="HTTP_HOST">
      <value string="localhost:50233" />
    </item>
    <item name="HTTP_REFERER">
      <value string="http://localhost:50233/Mantenedor/Comuna" />
    </item>
    <item name="HTTP_USER_AGENT">
      <value string="Mozilla/5.0 (Windows NT 6.1; WOW64) AppleWebKit/537.36 (KHTML, like Gecko) Chrome/42.0.2311.90 Safari/537.36 OPR/29.0.1795.47" />
    </item>
  </serverVariables>
  <cookies>
    <item name="ASP.NET_SessionId">
      <value string="muecjj3qukmtpvsogevoltte" />
    </item>
    <item name="__RequestVerificationToken">
      <value string="Gg230P5OJZJhp_amga9ez_qIp5KHKgc18wle7wP2wzxEZ-j0y0Eskqv-sLvT94CGBBEVqa37uLRQeBjPzXKt3LJ6JeCuODqh7SZXxNB_1pY1" />
    </item>
  </cookies>
</error>