﻿<error errorId="2790f3ca-031e-4237-bdae-f3c7204f7043" application="/LM/W3SVC/2/ROOT" host="PC_ALEJANDERO" type="System.Web.HttpException" message="The controller for path '/__browserLink/requestData/e13d3cdc089149d78e8e736a665a620c' was not found or does not implement IController." source="System.Web.Mvc" detail="System.Web.HttpException (0x80004005): The controller for path '/__browserLink/requestData/e13d3cdc089149d78e8e736a665a620c' was not found or does not implement IController.&#xD;&#xA;   en System.Web.Mvc.DefaultControllerFactory.GetControllerInstance(RequestContext requestContext, Type controllerType)&#xD;&#xA;   en System.Web.Mvc.DefaultControllerFactory.CreateController(RequestContext requestContext, String controllerName)&#xD;&#xA;   en System.Web.Mvc.MvcHandler.ProcessRequestInit(HttpContextBase httpContext, IController&amp; controller, IControllerFactory&amp; factory)&#xD;&#xA;   en System.Web.Mvc.MvcHandler.BeginProcessRequest(HttpContextBase httpContext, AsyncCallback callback, Object state)&#xD;&#xA;   en System.Web.Mvc.MvcHandler.BeginProcessRequest(HttpContext httpContext, AsyncCallback callback, Object state)&#xD;&#xA;   en System.Web.Mvc.MvcHandler.System.Web.IHttpAsyncHandler.BeginProcessRequest(HttpContext context, AsyncCallback cb, Object extraData)&#xD;&#xA;   en System.Web.HttpApplication.CallHandlerExecutionStep.System.Web.HttpApplication.IExecutionStep.Execute()&#xD;&#xA;   en System.Web.HttpApplication.ExecuteStep(IExecutionStep step, Boolean&amp; completedSynchronously)" time="2015-05-07T19:32:44.9060986Z" statusCode="404">
  <serverVariables>
    <item name="ALL_HTTP">
      <value string="HTTP_CONNECTION:Keep-Alive&#xD;&#xA;HTTP_ACCEPT:application/json, text/javascript, */*; q=0.01&#xD;&#xA;HTTP_ACCEPT_ENCODING:gzip, deflate&#xD;&#xA;HTTP_ACCEPT_LANGUAGE:es-CL&#xD;&#xA;HTTP_HOST:localhost:50233&#xD;&#xA;HTTP_REFERER:http://localhost:50233/&#xD;&#xA;HTTP_USER_AGENT:Mozilla/5.0 (Windows NT 6.1; WOW64; Trident/7.0; rv:11.0) like Gecko&#xD;&#xA;HTTP_X_REQUESTED_WITH:XMLHttpRequest&#xD;&#xA;HTTP_DNT:1&#xD;&#xA;" />
    </item>
    <item name="ALL_RAW">
      <value string="Connection: Keep-Alive&#xD;&#xA;Accept: application/json, text/javascript, */*; q=0.01&#xD;&#xA;Accept-Encoding: gzip, deflate&#xD;&#xA;Accept-Language: es-CL&#xD;&#xA;Host: localhost:50233&#xD;&#xA;Referer: http://localhost:50233/&#xD;&#xA;User-Agent: Mozilla/5.0 (Windows NT 6.1; WOW64; Trident/7.0; rv:11.0) like Gecko&#xD;&#xA;X-Requested-With: XMLHttpRequest&#xD;&#xA;DNT: 1&#xD;&#xA;" />
    </item>
    <item name="APPL_MD_PATH">
      <value string="/LM/W3SVC/2/ROOT" />
    </item>
    <item name="APPL_PHYSICAL_PATH">
      <value string="C:\Dev\BaseApplication\BaseApplication.MvcWebHost\" />
    </item>
    <item name="AUTH_TYPE">
      <value string="" />
    </item>
    <item name="AUTH_USER">
      <value string="" />
    </item>
    <item name="AUTH_PASSWORD">
      <value string="*****" />
    </item>
    <item name="LOGON_USER">
      <value string="" />
    </item>
    <item name="REMOTE_USER">
      <value string="" />
    </item>
    <item name="CERT_COOKIE">
      <value string="" />
    </item>
    <item name="CERT_FLAGS">
      <value string="" />
    </item>
    <item name="CERT_ISSUER">
      <value string="" />
    </item>
    <item name="CERT_KEYSIZE">
      <value string="" />
    </item>
    <item name="CERT_SECRETKEYSIZE">
      <value string="" />
    </item>
    <item name="CERT_SERIALNUMBER">
      <value string="" />
    </item>
    <item name="CERT_SERVER_ISSUER">
      <value string="" />
    </item>
    <item name="CERT_SERVER_SUBJECT">
      <value string="" />
    </item>
    <item name="CERT_SUBJECT">
      <value string="" />
    </item>
    <item name="CONTENT_LENGTH">
      <value string="0" />
    </item>
    <item name="CONTENT_TYPE">
      <value string="" />
    </item>
    <item name="GATEWAY_INTERFACE">
      <value string="CGI/1.1" />
    </item>
    <item name="HTTPS">
      <value string="off" />
    </item>
    <item name="HTTPS_KEYSIZE">
      <value string="" />
    </item>
    <item name="HTTPS_SECRETKEYSIZE">
      <value string="" />
    </item>
    <item name="HTTPS_SERVER_ISSUER">
      <value string="" />
    </item>
    <item name="HTTPS_SERVER_SUBJECT">
      <value string="" />
    </item>
    <item name="INSTANCE_ID">
      <value string="2" />
    </item>
    <item name="INSTANCE_META_PATH">
      <value string="/LM/W3SVC/2" />
    </item>
    <item name="LOCAL_ADDR">
      <value string="::1" />
    </item>
    <item name="PATH_INFO">
      <value string="/__browserLink/requestData/e13d3cdc089149d78e8e736a665a620c" />
    </item>
    <item name="PATH_TRANSLATED">
      <value string="C:\Dev\BaseApplication\BaseApplication.MvcWebHost\__browserLink\requestData\e13d3cdc089149d78e8e736a665a620c" />
    </item>
    <item name="QUERY_STRING">
      <value string="" />
    </item>
    <item name="REMOTE_ADDR">
      <value string="::1" />
    </item>
    <item name="REMOTE_HOST">
      <value string="::1" />
    </item>
    <item name="REMOTE_PORT">
      <value string="2053" />
    </item>
    <item name="REQUEST_METHOD">
      <value string="GET" />
    </item>
    <item name="SCRIPT_NAME">
      <value string="/__browserLink/requestData/e13d3cdc089149d78e8e736a665a620c" />
    </item>
    <item name="SERVER_NAME">
      <value string="localhost" />
    </item>
    <item name="SERVER_PORT">
      <value string="50233" />
    </item>
    <item name="SERVER_PORT_SECURE">
      <value string="0" />
    </item>
    <item name="SERVER_PROTOCOL">
      <value string="HTTP/1.1" />
    </item>
    <item name="SERVER_SOFTWARE">
      <value string="Microsoft-IIS/8.0" />
    </item>
    <item name="URL">
      <value string="/__browserLink/requestData/e13d3cdc089149d78e8e736a665a620c" />
    </item>
    <item name="HTTP_CONNECTION">
      <value string="Keep-Alive" />
    </item>
    <item name="HTTP_ACCEPT">
      <value string="application/json, text/javascript, */*; q=0.01" />
    </item>
    <item name="HTTP_ACCEPT_ENCODING">
      <value string="gzip, deflate" />
    </item>
    <item name="HTTP_ACCEPT_LANGUAGE">
      <value string="es-CL" />
    </item>
    <item name="HTTP_HOST">
      <value string="localhost:50233" />
    </item>
    <item name="HTTP_REFERER">
      <value string="http://localhost:50233/" />
    </item>
    <item name="HTTP_USER_AGENT">
      <value string="Mozilla/5.0 (Windows NT 6.1; WOW64; Trident/7.0; rv:11.0) like Gecko" />
    </item>
    <item name="HTTP_X_REQUESTED_WITH">
      <value string="XMLHttpRequest" />
    </item>
    <item name="HTTP_DNT">
      <value string="1" />
    </item>
  </serverVariables>
</error>