﻿<error errorId="d9e0232d-676d-4dff-85f2-42692bac99a3" application="/LM/W3SVC/2/ROOT" host="PC_ALEJANDERO" type="System.Web.HttpException" message="The following sections have been defined but have not been rendered for the layout page &quot;~/Views/Shared/_Layout.cshtml&quot;: &quot;MyScripts&quot;." source="System.Web.WebPages" detail="System.Web.HttpException (0x80004005): The following sections have been defined but have not been rendered for the layout page &quot;~/Views/Shared/_Layout.cshtml&quot;: &quot;MyScripts&quot;.&#xD;&#xA;   at System.Web.WebPages.WebPageBase.VerifyRenderedBodyOrSections()&#xD;&#xA;   at System.Web.WebPages.WebPageBase.PopContext()&#xD;&#xA;   at System.Web.WebPages.WebPageBase.ExecutePageHierarchy(WebPageContext pageContext, TextWriter writer, WebPageRenderingBase startPage)&#xD;&#xA;   at System.Web.WebPages.WebPageBase.ExecutePageHierarchy(WebPageContext pageContext, TextWriter writer)&#xD;&#xA;   at System.Web.WebPages.WebPageBase.&lt;&gt;c__DisplayClass7.&lt;RenderPageCore&gt;b__6(TextWriter writer)&#xD;&#xA;   at System.Web.WebPages.HelperResult.WriteTo(TextWriter writer)&#xD;&#xA;   at System.Web.WebPages.WebPageExecutingBase.WriteTo(TextWriter writer, HelperResult content)&#xD;&#xA;   at System.Web.WebPages.WebPageBase.Write(HelperResult result)&#xD;&#xA;   at System.Web.WebPages.WebPageBase.RenderSurrounding(String partialViewName, Action`1 body)&#xD;&#xA;   at System.Web.WebPages.WebPageBase.PopContext()&#xD;&#xA;   at System.Web.WebPages.WebPageBase.ExecutePageHierarchy(WebPageContext pageContext, TextWriter writer, WebPageRenderingBase startPage)&#xD;&#xA;   at System.Web.Mvc.RazorView.RenderView(ViewContext viewContext, TextWriter writer, Object instance)&#xD;&#xA;   at System.Web.Mvc.BuildManagerCompiledView.Render(ViewContext viewContext, TextWriter writer)&#xD;&#xA;   at System.Web.Mvc.ViewResultBase.ExecuteResult(ControllerContext context)&#xD;&#xA;   at System.Web.Mvc.ControllerActionInvoker.InvokeActionResult(ControllerContext controllerContext, ActionResult actionResult)&#xD;&#xA;   at System.Web.Mvc.ControllerActionInvoker.InvokeActionResultFilterRecursive(IList`1 filters, Int32 filterIndex, ResultExecutingContext preContext, ControllerContext controllerContext, ActionResult actionResult)&#xD;&#xA;   at System.Web.Mvc.ControllerActionInvoker.InvokeActionResultFilterRecursive(IList`1 filters, Int32 filterIndex, ResultExecutingContext preContext, ControllerContext controllerContext, ActionResult actionResult)&#xD;&#xA;   at System.Web.Mvc.ControllerActionInvoker.InvokeActionResultWithFilters(ControllerContext controllerContext, IList`1 filters, ActionResult actionResult)&#xD;&#xA;   at System.Web.Mvc.Async.AsyncControllerActionInvoker.&lt;&gt;c__DisplayClass1e.&lt;&gt;c__DisplayClass28.&lt;BeginInvokeAction&gt;b__19()&#xD;&#xA;   at System.Web.Mvc.Async.AsyncControllerActionInvoker.&lt;&gt;c__DisplayClass1e.&lt;BeginInvokeAction&gt;b__1b(IAsyncResult asyncResult)" time="2015-03-20T19:23:45.0701174Z" statusCode="500">
  <serverVariables>
    <item name="ALL_HTTP">
      <value string="HTTP_CONNECTION:Keep-Alive&#xD;&#xA;HTTP_ACCEPT:text/html, application/xhtml+xml, */*&#xD;&#xA;HTTP_ACCEPT_ENCODING:gzip, deflate&#xD;&#xA;HTTP_ACCEPT_LANGUAGE:es-CL&#xD;&#xA;HTTP_COOKIE:__RequestVerificationToken=5tkVaWIaiuSA-0_HktY1X0tYTp5kmI8Rnw0my-r6kod_yZ1edlZ3dhdIalwpO-PIHsxud8gwpp8Rj4Yx1at1CZWEwCiTmCybudo0oBTpbp41&#xD;&#xA;HTTP_HOST:localhost:50233&#xD;&#xA;HTTP_REFERER:http://localhost:50233/Mantenedor/Examinador&#xD;&#xA;HTTP_USER_AGENT:Mozilla/5.0 (Windows NT 6.1; WOW64; Trident/7.0; rv:11.0) like Gecko&#xD;&#xA;HTTP_DNT:1&#xD;&#xA;" />
    </item>
    <item name="ALL_RAW">
      <value string="Connection: Keep-Alive&#xD;&#xA;Accept: text/html, application/xhtml+xml, */*&#xD;&#xA;Accept-Encoding: gzip, deflate&#xD;&#xA;Accept-Language: es-CL&#xD;&#xA;Cookie: __RequestVerificationToken=5tkVaWIaiuSA-0_HktY1X0tYTp5kmI8Rnw0my-r6kod_yZ1edlZ3dhdIalwpO-PIHsxud8gwpp8Rj4Yx1at1CZWEwCiTmCybudo0oBTpbp41&#xD;&#xA;Host: localhost:50233&#xD;&#xA;Referer: http://localhost:50233/Mantenedor/Examinador&#xD;&#xA;User-Agent: Mozilla/5.0 (Windows NT 6.1; WOW64; Trident/7.0; rv:11.0) like Gecko&#xD;&#xA;DNT: 1&#xD;&#xA;" />
    </item>
    <item name="APPL_MD_PATH">
      <value string="/LM/W3SVC/2/ROOT" />
    </item>
    <item name="APPL_PHYSICAL_PATH">
      <value string="C:\Dev\BaseApplication\BaseApplication.MvcWebHost\" />
    </item>
    <item name="AUTH_TYPE">
      <value string="" />
    </item>
    <item name="AUTH_USER">
      <value string="" />
    </item>
    <item name="AUTH_PASSWORD">
      <value string="*****" />
    </item>
    <item name="LOGON_USER">
      <value string="" />
    </item>
    <item name="REMOTE_USER">
      <value string="" />
    </item>
    <item name="CERT_COOKIE">
      <value string="" />
    </item>
    <item name="CERT_FLAGS">
      <value string="" />
    </item>
    <item name="CERT_ISSUER">
      <value string="" />
    </item>
    <item name="CERT_KEYSIZE">
      <value string="" />
    </item>
    <item name="CERT_SECRETKEYSIZE">
      <value string="" />
    </item>
    <item name="CERT_SERIALNUMBER">
      <value string="" />
    </item>
    <item name="CERT_SERVER_ISSUER">
      <value string="" />
    </item>
    <item name="CERT_SERVER_SUBJECT">
      <value string="" />
    </item>
    <item name="CERT_SUBJECT">
      <value string="" />
    </item>
    <item name="CONTENT_LENGTH">
      <value string="0" />
    </item>
    <item name="CONTENT_TYPE">
      <value string="" />
    </item>
    <item name="GATEWAY_INTERFACE">
      <value string="CGI/1.1" />
    </item>
    <item name="HTTPS">
      <value string="off" />
    </item>
    <item name="HTTPS_KEYSIZE">
      <value string="" />
    </item>
    <item name="HTTPS_SECRETKEYSIZE">
      <value string="" />
    </item>
    <item name="HTTPS_SERVER_ISSUER">
      <value string="" />
    </item>
    <item name="HTTPS_SERVER_SUBJECT">
      <value string="" />
    </item>
    <item name="INSTANCE_ID">
      <value string="2" />
    </item>
    <item name="INSTANCE_META_PATH">
      <value string="/LM/W3SVC/2" />
    </item>
    <item name="LOCAL_ADDR">
      <value string="::1" />
    </item>
    <item name="PATH_INFO">
      <value string="/Mantenedor/Examinador/Create" />
    </item>
    <item name="PATH_TRANSLATED">
      <value string="C:\Dev\BaseApplication\BaseApplication.MvcWebHost\Mantenedor\Examinador\Create" />
    </item>
    <item name="QUERY_STRING">
      <value string="" />
    </item>
    <item name="REMOTE_ADDR">
      <value string="::1" />
    </item>
    <item name="REMOTE_HOST">
      <value string="::1" />
    </item>
    <item name="REMOTE_PORT">
      <value string="2025" />
    </item>
    <item name="REQUEST_METHOD">
      <value string="GET" />
    </item>
    <item name="SCRIPT_NAME">
      <value string="/Mantenedor/Examinador/Create" />
    </item>
    <item name="SERVER_NAME">
      <value string="localhost" />
    </item>
    <item name="SERVER_PORT">
      <value string="50233" />
    </item>
    <item name="SERVER_PORT_SECURE">
      <value string="0" />
    </item>
    <item name="SERVER_PROTOCOL">
      <value string="HTTP/1.1" />
    </item>
    <item name="SERVER_SOFTWARE">
      <value string="Microsoft-IIS/8.0" />
    </item>
    <item name="URL">
      <value string="/Mantenedor/Examinador/Create" />
    </item>
    <item name="HTTP_CONNECTION">
      <value string="Keep-Alive" />
    </item>
    <item name="HTTP_ACCEPT">
      <value string="text/html, application/xhtml+xml, */*" />
    </item>
    <item name="HTTP_ACCEPT_ENCODING">
      <value string="gzip, deflate" />
    </item>
    <item name="HTTP_ACCEPT_LANGUAGE">
      <value string="es-CL" />
    </item>
    <item name="HTTP_COOKIE">
      <value string="__RequestVerificationToken=5tkVaWIaiuSA-0_HktY1X0tYTp5kmI8Rnw0my-r6kod_yZ1edlZ3dhdIalwpO-PIHsxud8gwpp8Rj4Yx1at1CZWEwCiTmCybudo0oBTpbp41" />
    </item>
    <item name="HTTP_HOST">
      <value string="localhost:50233" />
    </item>
    <item name="HTTP_REFERER">
      <value string="http://localhost:50233/Mantenedor/Examinador" />
    </item>
    <item name="HTTP_USER_AGENT">
      <value string="Mozilla/5.0 (Windows NT 6.1; WOW64; Trident/7.0; rv:11.0) like Gecko" />
    </item>
    <item name="HTTP_DNT">
      <value string="1" />
    </item>
  </serverVariables>
  <cookies>
    <item name="__RequestVerificationToken">
      <value string="5tkVaWIaiuSA-0_HktY1X0tYTp5kmI8Rnw0my-r6kod_yZ1edlZ3dhdIalwpO-PIHsxud8gwpp8Rj4Yx1at1CZWEwCiTmCybudo0oBTpbp41" />
    </item>
  </cookies>
</error>