﻿<error errorId="bd50ea25-275e-48ce-a46b-267ad3080763" application="/LM/W3SVC/2/ROOT" host="PC_ALEJANDERO" type="System.Web.HttpException" message="A public action method 'Eduit' was not found on controller 'BaseApplication.MvcWebHost.Areas.Mantenedor.Controllers.ExaminadorController'." source="System.Web.Mvc" detail="System.Web.HttpException (0x80004005): A public action method 'Eduit' was not found on controller 'BaseApplication.MvcWebHost.Areas.Mantenedor.Controllers.ExaminadorController'.&#xD;&#xA;   en System.Web.Mvc.Controller.HandleUnknownAction(String actionName)&#xD;&#xA;   en System.Web.Mvc.Controller.&lt;BeginExecuteCore&gt;b__1d(IAsyncResult asyncResult, ExecuteCoreState innerState)&#xD;&#xA;   en System.Web.Mvc.Async.AsyncResultWrapper.WrappedAsyncVoid`1.CallEndDelegate(IAsyncResult asyncResult)&#xD;&#xA;   en System.Web.Mvc.Async.AsyncResultWrapper.WrappedAsyncResultBase`1.End()&#xD;&#xA;   en System.Web.Mvc.Async.AsyncResultWrapper.End[TResult](IAsyncResult asyncResult, Object tag)&#xD;&#xA;   en System.Web.Mvc.Async.AsyncResultWrapper.End(IAsyncResult asyncResult, Object tag)&#xD;&#xA;   en System.Web.Mvc.Controller.EndExecuteCore(IAsyncResult asyncResult)&#xD;&#xA;   en System.Web.Mvc.Controller.&lt;BeginExecute&gt;b__15(IAsyncResult asyncResult, Controller controller)&#xD;&#xA;   en System.Web.Mvc.Async.AsyncResultWrapper.WrappedAsyncVoid`1.CallEndDelegate(IAsyncResult asyncResult)&#xD;&#xA;   en System.Web.Mvc.Async.AsyncResultWrapper.WrappedAsyncResultBase`1.End()&#xD;&#xA;   en System.Web.Mvc.Async.AsyncResultWrapper.End[TResult](IAsyncResult asyncResult, Object tag)&#xD;&#xA;   en System.Web.Mvc.Async.AsyncResultWrapper.End(IAsyncResult asyncResult, Object tag)&#xD;&#xA;   en System.Web.Mvc.Controller.EndExecute(IAsyncResult asyncResult)&#xD;&#xA;   en System.Web.Mvc.Controller.System.Web.Mvc.Async.IAsyncController.EndExecute(IAsyncResult asyncResult)&#xD;&#xA;   en System.Web.Mvc.MvcHandler.&lt;BeginProcessRequest&gt;b__4(IAsyncResult asyncResult, ProcessRequestState innerState)&#xD;&#xA;   en System.Web.Mvc.Async.AsyncResultWrapper.WrappedAsyncVoid`1.CallEndDelegate(IAsyncResult asyncResult)&#xD;&#xA;   en System.Web.Mvc.Async.AsyncResultWrapper.WrappedAsyncResultBase`1.End()&#xD;&#xA;   en System.Web.Mvc.Async.AsyncResultWrapper.End[TResult](IAsyncResult asyncResult, Object tag)&#xD;&#xA;   en System.Web.Mvc.Async.AsyncResultWrapper.End(IAsyncResult asyncResult, Object tag)&#xD;&#xA;   en System.Web.Mvc.MvcHandler.EndProcessRequest(IAsyncResult asyncResult)&#xD;&#xA;   en System.Web.Mvc.MvcHandler.System.Web.IHttpAsyncHandler.EndProcessRequest(IAsyncResult result)&#xD;&#xA;   en System.Web.HttpApplication.CallHandlerExecutionStep.System.Web.HttpApplication.IExecutionStep.Execute()&#xD;&#xA;   en System.Web.HttpApplication.ExecuteStep(IExecutionStep step, Boolean&amp; completedSynchronously)" time="2015-03-25T05:07:54.1732817Z" statusCode="404">
  <serverVariables>
    <item name="ALL_HTTP">
      <value string="HTTP_CONNECTION:keep-alive&#xD;&#xA;HTTP_ACCEPT:text/html,application/xhtml+xml,application/xml;q=0.9,image/webp,*/*;q=0.8&#xD;&#xA;HTTP_ACCEPT_ENCODING:gzip, deflate, sdch&#xD;&#xA;HTTP_ACCEPT_LANGUAGE:es-419,es;q=0.8&#xD;&#xA;HTTP_COOKIE:__RequestVerificationToken=i2Z9h3dK_7oEA9iAcUc3SMhi9WBraUhaT_rj7rJ47AGXnmtRJA__W-WHAtSn2i4m7yZqSskWszqYuitR4k0ERhWqtxrZfky0uf-pyBrOt5U1&#xD;&#xA;HTTP_HOST:localhost:50233&#xD;&#xA;HTTP_USER_AGENT:Mozilla/5.0 (Windows NT 6.1; WOW64) AppleWebKit/537.36 (KHTML, like Gecko) Chrome/41.0.2272.101 Safari/537.36&#xD;&#xA;" />
    </item>
    <item name="ALL_RAW">
      <value string="Connection: keep-alive&#xD;&#xA;Accept: text/html,application/xhtml+xml,application/xml;q=0.9,image/webp,*/*;q=0.8&#xD;&#xA;Accept-Encoding: gzip, deflate, sdch&#xD;&#xA;Accept-Language: es-419,es;q=0.8&#xD;&#xA;Cookie: __RequestVerificationToken=i2Z9h3dK_7oEA9iAcUc3SMhi9WBraUhaT_rj7rJ47AGXnmtRJA__W-WHAtSn2i4m7yZqSskWszqYuitR4k0ERhWqtxrZfky0uf-pyBrOt5U1&#xD;&#xA;Host: localhost:50233&#xD;&#xA;User-Agent: Mozilla/5.0 (Windows NT 6.1; WOW64) AppleWebKit/537.36 (KHTML, like Gecko) Chrome/41.0.2272.101 Safari/537.36&#xD;&#xA;" />
    </item>
    <item name="APPL_MD_PATH">
      <value string="/LM/W3SVC/2/ROOT" />
    </item>
    <item name="APPL_PHYSICAL_PATH">
      <value string="C:\Dev\BaseApplication\BaseApplication.MvcWebHost\" />
    </item>
    <item name="AUTH_TYPE">
      <value string="" />
    </item>
    <item name="AUTH_USER">
      <value string="" />
    </item>
    <item name="AUTH_PASSWORD">
      <value string="*****" />
    </item>
    <item name="LOGON_USER">
      <value string="" />
    </item>
    <item name="REMOTE_USER">
      <value string="" />
    </item>
    <item name="CERT_COOKIE">
      <value string="" />
    </item>
    <item name="CERT_FLAGS">
      <value string="" />
    </item>
    <item name="CERT_ISSUER">
      <value string="" />
    </item>
    <item name="CERT_KEYSIZE">
      <value string="" />
    </item>
    <item name="CERT_SECRETKEYSIZE">
      <value string="" />
    </item>
    <item name="CERT_SERIALNUMBER">
      <value string="" />
    </item>
    <item name="CERT_SERVER_ISSUER">
      <value string="" />
    </item>
    <item name="CERT_SERVER_SUBJECT">
      <value string="" />
    </item>
    <item name="CERT_SUBJECT">
      <value string="" />
    </item>
    <item name="CONTENT_LENGTH">
      <value string="0" />
    </item>
    <item name="CONTENT_TYPE">
      <value string="" />
    </item>
    <item name="GATEWAY_INTERFACE">
      <value string="CGI/1.1" />
    </item>
    <item name="HTTPS">
      <value string="off" />
    </item>
    <item name="HTTPS_KEYSIZE">
      <value string="" />
    </item>
    <item name="HTTPS_SECRETKEYSIZE">
      <value string="" />
    </item>
    <item name="HTTPS_SERVER_ISSUER">
      <value string="" />
    </item>
    <item name="HTTPS_SERVER_SUBJECT">
      <value string="" />
    </item>
    <item name="INSTANCE_ID">
      <value string="2" />
    </item>
    <item name="INSTANCE_META_PATH">
      <value string="/LM/W3SVC/2" />
    </item>
    <item name="LOCAL_ADDR">
      <value string="::1" />
    </item>
    <item name="PATH_INFO">
      <value string="/Mantenedor/Examinador/Eduit/7" />
    </item>
    <item name="PATH_TRANSLATED">
      <value string="C:\Dev\BaseApplication\BaseApplication.MvcWebHost\Mantenedor\Examinador\Eduit\7" />
    </item>
    <item name="QUERY_STRING">
      <value string="" />
    </item>
    <item name="REMOTE_ADDR">
      <value string="::1" />
    </item>
    <item name="REMOTE_HOST">
      <value string="::1" />
    </item>
    <item name="REMOTE_PORT">
      <value string="7383" />
    </item>
    <item name="REQUEST_METHOD">
      <value string="GET" />
    </item>
    <item name="SCRIPT_NAME">
      <value string="/Mantenedor/Examinador/Eduit/7" />
    </item>
    <item name="SERVER_NAME">
      <value string="localhost" />
    </item>
    <item name="SERVER_PORT">
      <value string="50233" />
    </item>
    <item name="SERVER_PORT_SECURE">
      <value string="0" />
    </item>
    <item name="SERVER_PROTOCOL">
      <value string="HTTP/1.1" />
    </item>
    <item name="SERVER_SOFTWARE">
      <value string="Microsoft-IIS/8.0" />
    </item>
    <item name="URL">
      <value string="/Mantenedor/Examinador/Eduit/7" />
    </item>
    <item name="HTTP_CONNECTION">
      <value string="keep-alive" />
    </item>
    <item name="HTTP_ACCEPT">
      <value string="text/html,application/xhtml+xml,application/xml;q=0.9,image/webp,*/*;q=0.8" />
    </item>
    <item name="HTTP_ACCEPT_ENCODING">
      <value string="gzip, deflate, sdch" />
    </item>
    <item name="HTTP_ACCEPT_LANGUAGE">
      <value string="es-419,es;q=0.8" />
    </item>
    <item name="HTTP_COOKIE">
      <value string="__RequestVerificationToken=i2Z9h3dK_7oEA9iAcUc3SMhi9WBraUhaT_rj7rJ47AGXnmtRJA__W-WHAtSn2i4m7yZqSskWszqYuitR4k0ERhWqtxrZfky0uf-pyBrOt5U1" />
    </item>
    <item name="HTTP_HOST">
      <value string="localhost:50233" />
    </item>
    <item name="HTTP_USER_AGENT">
      <value string="Mozilla/5.0 (Windows NT 6.1; WOW64) AppleWebKit/537.36 (KHTML, like Gecko) Chrome/41.0.2272.101 Safari/537.36" />
    </item>
  </serverVariables>
  <cookies>
    <item name="__RequestVerificationToken">
      <value string="i2Z9h3dK_7oEA9iAcUc3SMhi9WBraUhaT_rj7rJ47AGXnmtRJA__W-WHAtSn2i4m7yZqSskWszqYuitR4k0ERhWqtxrZfky0uf-pyBrOt5U1" />
    </item>
  </cookies>
</error>