﻿<error errorId="6423697b-7a58-4923-b5d8-a50610602d8d" application="/LM/W3SVC/2/ROOT" host="PC_ALEJANDERO" type="System.Web.HttpException" message="The controller for path '/__browserLink/requestData/0f9c47bf314e4b0d8a69ca9bf6b83702' was not found or does not implement IController." source="System.Web.Mvc" detail="System.Web.HttpException (0x80004005): The controller for path '/__browserLink/requestData/0f9c47bf314e4b0d8a69ca9bf6b83702' was not found or does not implement IController.&#xD;&#xA;   en System.Web.Mvc.DefaultControllerFactory.GetControllerInstance(RequestContext requestContext, Type controllerType)&#xD;&#xA;   en System.Web.Mvc.DefaultControllerFactory.CreateController(RequestContext requestContext, String controllerName)&#xD;&#xA;   en System.Web.Mvc.MvcHandler.ProcessRequestInit(HttpContextBase httpContext, IController&amp; controller, IControllerFactory&amp; factory)&#xD;&#xA;   en System.Web.Mvc.MvcHandler.BeginProcessRequest(HttpContextBase httpContext, AsyncCallback callback, Object state)&#xD;&#xA;   en System.Web.Mvc.MvcHandler.BeginProcessRequest(HttpContext httpContext, AsyncCallback callback, Object state)&#xD;&#xA;   en System.Web.Mvc.MvcHandler.System.Web.IHttpAsyncHandler.BeginProcessRequest(HttpContext context, AsyncCallback cb, Object extraData)&#xD;&#xA;   en System.Web.HttpApplication.CallHandlerExecutionStep.System.Web.HttpApplication.IExecutionStep.Execute()&#xD;&#xA;   en System.Web.HttpApplication.ExecuteStep(IExecutionStep step, Boolean&amp; completedSynchronously)" time="2015-05-07T20:12:18.6267576Z" statusCode="404">
  <serverVariables>
    <item name="ALL_HTTP">
      <value string="HTTP_CONNECTION:keep-alive&#xD;&#xA;HTTP_ACCEPT:application/json, text/javascript, */*; q=0.01&#xD;&#xA;HTTP_ACCEPT_ENCODING:gzip, deflate, lzma, sdch&#xD;&#xA;HTTP_ACCEPT_LANGUAGE:es-ES,es;q=0.8&#xD;&#xA;HTTP_COOKIE:__RequestVerificationToken=8PSNgbGaU1NoZWAY66zqiMlFP09yEKiRik9V2sGAZu4f476zDVvouJ4fAokqsfwGHIWXNn7FeOdLo3-khU3brPlp0xX6OkzfEiDpbaIONVw1&#xD;&#xA;HTTP_HOST:localhost:50233&#xD;&#xA;HTTP_REFERER:http://localhost:50233/&#xD;&#xA;HTTP_USER_AGENT:Mozilla/5.0 (Windows NT 6.1; WOW64) AppleWebKit/537.36 (KHTML, like Gecko) Chrome/42.0.2311.90 Safari/537.36 OPR/29.0.1795.47&#xD;&#xA;HTTP_X_REQUESTED_WITH:XMLHttpRequest&#xD;&#xA;" />
    </item>
    <item name="ALL_RAW">
      <value string="Connection: keep-alive&#xD;&#xA;Accept: application/json, text/javascript, */*; q=0.01&#xD;&#xA;Accept-Encoding: gzip, deflate, lzma, sdch&#xD;&#xA;Accept-Language: es-ES,es;q=0.8&#xD;&#xA;Cookie: __RequestVerificationToken=8PSNgbGaU1NoZWAY66zqiMlFP09yEKiRik9V2sGAZu4f476zDVvouJ4fAokqsfwGHIWXNn7FeOdLo3-khU3brPlp0xX6OkzfEiDpbaIONVw1&#xD;&#xA;Host: localhost:50233&#xD;&#xA;Referer: http://localhost:50233/&#xD;&#xA;User-Agent: Mozilla/5.0 (Windows NT 6.1; WOW64) AppleWebKit/537.36 (KHTML, like Gecko) Chrome/42.0.2311.90 Safari/537.36 OPR/29.0.1795.47&#xD;&#xA;X-Requested-With: XMLHttpRequest&#xD;&#xA;" />
    </item>
    <item name="APPL_MD_PATH">
      <value string="/LM/W3SVC/2/ROOT" />
    </item>
    <item name="APPL_PHYSICAL_PATH">
      <value string="C:\Dev\BaseApplication\BaseApplication.MvcWebHost\" />
    </item>
    <item name="AUTH_TYPE">
      <value string="" />
    </item>
    <item name="AUTH_USER">
      <value string="" />
    </item>
    <item name="AUTH_PASSWORD">
      <value string="*****" />
    </item>
    <item name="LOGON_USER">
      <value string="" />
    </item>
    <item name="REMOTE_USER">
      <value string="" />
    </item>
    <item name="CERT_COOKIE">
      <value string="" />
    </item>
    <item name="CERT_FLAGS">
      <value string="" />
    </item>
    <item name="CERT_ISSUER">
      <value string="" />
    </item>
    <item name="CERT_KEYSIZE">
      <value string="" />
    </item>
    <item name="CERT_SECRETKEYSIZE">
      <value string="" />
    </item>
    <item name="CERT_SERIALNUMBER">
      <value string="" />
    </item>
    <item name="CERT_SERVER_ISSUER">
      <value string="" />
    </item>
    <item name="CERT_SERVER_SUBJECT">
      <value string="" />
    </item>
    <item name="CERT_SUBJECT">
      <value string="" />
    </item>
    <item name="CONTENT_LENGTH">
      <value string="0" />
    </item>
    <item name="CONTENT_TYPE">
      <value string="" />
    </item>
    <item name="GATEWAY_INTERFACE">
      <value string="CGI/1.1" />
    </item>
    <item name="HTTPS">
      <value string="off" />
    </item>
    <item name="HTTPS_KEYSIZE">
      <value string="" />
    </item>
    <item name="HTTPS_SECRETKEYSIZE">
      <value string="" />
    </item>
    <item name="HTTPS_SERVER_ISSUER">
      <value string="" />
    </item>
    <item name="HTTPS_SERVER_SUBJECT">
      <value string="" />
    </item>
    <item name="INSTANCE_ID">
      <value string="2" />
    </item>
    <item name="INSTANCE_META_PATH">
      <value string="/LM/W3SVC/2" />
    </item>
    <item name="LOCAL_ADDR">
      <value string="::1" />
    </item>
    <item name="PATH_INFO">
      <value string="/__browserLink/requestData/0f9c47bf314e4b0d8a69ca9bf6b83702" />
    </item>
    <item name="PATH_TRANSLATED">
      <value string="C:\Dev\BaseApplication\BaseApplication.MvcWebHost\__browserLink\requestData\0f9c47bf314e4b0d8a69ca9bf6b83702" />
    </item>
    <item name="QUERY_STRING">
      <value string="" />
    </item>
    <item name="REMOTE_ADDR">
      <value string="::1" />
    </item>
    <item name="REMOTE_HOST">
      <value string="::1" />
    </item>
    <item name="REMOTE_PORT">
      <value string="3216" />
    </item>
    <item name="REQUEST_METHOD">
      <value string="GET" />
    </item>
    <item name="SCRIPT_NAME">
      <value string="/__browserLink/requestData/0f9c47bf314e4b0d8a69ca9bf6b83702" />
    </item>
    <item name="SERVER_NAME">
      <value string="localhost" />
    </item>
    <item name="SERVER_PORT">
      <value string="50233" />
    </item>
    <item name="SERVER_PORT_SECURE">
      <value string="0" />
    </item>
    <item name="SERVER_PROTOCOL">
      <value string="HTTP/1.1" />
    </item>
    <item name="SERVER_SOFTWARE">
      <value string="Microsoft-IIS/8.0" />
    </item>
    <item name="URL">
      <value string="/__browserLink/requestData/0f9c47bf314e4b0d8a69ca9bf6b83702" />
    </item>
    <item name="HTTP_CONNECTION">
      <value string="keep-alive" />
    </item>
    <item name="HTTP_ACCEPT">
      <value string="application/json, text/javascript, */*; q=0.01" />
    </item>
    <item name="HTTP_ACCEPT_ENCODING">
      <value string="gzip, deflate, lzma, sdch" />
    </item>
    <item name="HTTP_ACCEPT_LANGUAGE">
      <value string="es-ES,es;q=0.8" />
    </item>
    <item name="HTTP_COOKIE">
      <value string="__RequestVerificationToken=8PSNgbGaU1NoZWAY66zqiMlFP09yEKiRik9V2sGAZu4f476zDVvouJ4fAokqsfwGHIWXNn7FeOdLo3-khU3brPlp0xX6OkzfEiDpbaIONVw1" />
    </item>
    <item name="HTTP_HOST">
      <value string="localhost:50233" />
    </item>
    <item name="HTTP_REFERER">
      <value string="http://localhost:50233/" />
    </item>
    <item name="HTTP_USER_AGENT">
      <value string="Mozilla/5.0 (Windows NT 6.1; WOW64) AppleWebKit/537.36 (KHTML, like Gecko) Chrome/42.0.2311.90 Safari/537.36 OPR/29.0.1795.47" />
    </item>
    <item name="HTTP_X_REQUESTED_WITH">
      <value string="XMLHttpRequest" />
    </item>
  </serverVariables>
  <cookies>
    <item name="__RequestVerificationToken">
      <value string="8PSNgbGaU1NoZWAY66zqiMlFP09yEKiRik9V2sGAZu4f476zDVvouJ4fAokqsfwGHIWXNn7FeOdLo3-khU3brPlp0xX6OkzfEiDpbaIONVw1" />
    </item>
    <item name="ASP.NET_SessionId">
      <value string="ar5ddtvghcj2qjnmskmqcrxd" />
    </item>
  </cookies>
</error>