﻿<error errorId="2d16839f-484b-4f1d-abdd-a70702776243" application="/LM/W3SVC/2/ROOT" host="PC_ALEJANDERO" type="System.NullReferenceException" message="Referencia a objeto no establecida como instancia de un objeto." source="BaseApplication.BLL" detail="System.NullReferenceException: Referencia a objeto no establecida como instancia de un objeto.&#xD;&#xA;   en BaseApplication.BLL.ServiceImplementations.ExaminadorManager.GetExaminadoresByFilter(ExaminadorFilterDTO filterDto) en c:\Dev\BaseApplication\BaseApplication.BLL\ServiceImplementations\ExaminadorManager.cs:línea 59&#xD;&#xA;   en BaseApplication.MvcWebHost.Areas.Mantenedor.Controllers.ExaminadorController.ExportDataCSV(ExaminadorFilterDTO filterDto) en c:\Dev\BaseApplication\BaseApplication.MvcWebHost\Areas\Mantenedor\Controllers\ExaminadorController.cs:línea 202&#xD;&#xA;   en lambda_method(Closure , ControllerBase , Object[] )&#xD;&#xA;   en System.Web.Mvc.ActionMethodDispatcher.&lt;&gt;c__DisplayClass1.&lt;WrapVoidAction&gt;b__0(ControllerBase controller, Object[] parameters)&#xD;&#xA;   en System.Web.Mvc.ActionMethodDispatcher.Execute(ControllerBase controller, Object[] parameters)&#xD;&#xA;   en System.Web.Mvc.ReflectedActionDescriptor.Execute(ControllerContext controllerContext, IDictionary`2 parameters)&#xD;&#xA;   en System.Web.Mvc.ControllerActionInvoker.InvokeActionMethod(ControllerContext controllerContext, ActionDescriptor actionDescriptor, IDictionary`2 parameters)&#xD;&#xA;   en System.Web.Mvc.Async.AsyncControllerActionInvoker.ActionInvocation.InvokeSynchronousActionMethod()&#xD;&#xA;   en System.Web.Mvc.Async.AsyncControllerActionInvoker.&lt;BeginInvokeSynchronousActionMethod&gt;b__36(IAsyncResult asyncResult, ActionInvocation innerInvokeState)&#xD;&#xA;   en System.Web.Mvc.Async.AsyncResultWrapper.WrappedAsyncResult`2.CallEndDelegate(IAsyncResult asyncResult)&#xD;&#xA;   en System.Web.Mvc.Async.AsyncResultWrapper.WrappedAsyncResultBase`1.End()&#xD;&#xA;   en System.Web.Mvc.Async.AsyncResultWrapper.End[TResult](IAsyncResult asyncResult, Object tag)&#xD;&#xA;   en System.Web.Mvc.Async.AsyncControllerActionInvoker.EndInvokeActionMethod(IAsyncResult asyncResult)&#xD;&#xA;   en System.Web.Mvc.Async.AsyncControllerActionInvoker.AsyncInvocationWithFilters.&lt;InvokeActionMethodFilterAsynchronouslyRecursive&gt;b__3c()&#xD;&#xA;   en System.Web.Mvc.Async.AsyncControllerActionInvoker.AsyncInvocationWithFilters.&lt;&gt;c__DisplayClass45.&lt;InvokeActionMethodFilterAsynchronouslyRecursive&gt;b__3e()&#xD;&#xA;   en System.Web.Mvc.Async.AsyncControllerActionInvoker.&lt;&gt;c__DisplayClass30.&lt;BeginInvokeActionMethodWithFilters&gt;b__2f(IAsyncResult asyncResult)&#xD;&#xA;   en System.Web.Mvc.Async.AsyncResultWrapper.WrappedAsyncResult`1.CallEndDelegate(IAsyncResult asyncResult)&#xD;&#xA;   en System.Web.Mvc.Async.AsyncResultWrapper.WrappedAsyncResultBase`1.End()&#xD;&#xA;   en System.Web.Mvc.Async.AsyncResultWrapper.End[TResult](IAsyncResult asyncResult, Object tag)&#xD;&#xA;   en System.Web.Mvc.Async.AsyncControllerActionInvoker.EndInvokeActionMethodWithFilters(IAsyncResult asyncResult)&#xD;&#xA;   en System.Web.Mvc.Async.AsyncControllerActionInvoker.&lt;&gt;c__DisplayClass1e.&lt;&gt;c__DisplayClass28.&lt;BeginInvokeAction&gt;b__19()&#xD;&#xA;   en System.Web.Mvc.Async.AsyncControllerActionInvoker.&lt;&gt;c__DisplayClass1e.&lt;BeginInvokeAction&gt;b__1b(IAsyncResult asyncResult)" time="2015-03-09T00:02:23.5792218Z">
  <serverVariables>
    <item name="ALL_HTTP">
      <value string="HTTP_CONNECTION:keep-alive&#xD;&#xA;HTTP_ACCEPT:text/html,application/xhtml+xml,application/xml;q=0.9,image/webp,*/*;q=0.8&#xD;&#xA;HTTP_ACCEPT_ENCODING:gzip, deflate, sdch&#xD;&#xA;HTTP_ACCEPT_LANGUAGE:es-419,es;q=0.8&#xD;&#xA;HTTP_HOST:localhost:50233&#xD;&#xA;HTTP_REFERER:http://localhost:50233/Mantenedor/Examinador&#xD;&#xA;HTTP_USER_AGENT:Mozilla/5.0 (Windows NT 6.1; WOW64) AppleWebKit/537.36 (KHTML, like Gecko) Chrome/40.0.2214.115 Safari/537.36&#xD;&#xA;" />
    </item>
    <item name="ALL_RAW">
      <value string="Connection: keep-alive&#xD;&#xA;Accept: text/html,application/xhtml+xml,application/xml;q=0.9,image/webp,*/*;q=0.8&#xD;&#xA;Accept-Encoding: gzip, deflate, sdch&#xD;&#xA;Accept-Language: es-419,es;q=0.8&#xD;&#xA;Host: localhost:50233&#xD;&#xA;Referer: http://localhost:50233/Mantenedor/Examinador&#xD;&#xA;User-Agent: Mozilla/5.0 (Windows NT 6.1; WOW64) AppleWebKit/537.36 (KHTML, like Gecko) Chrome/40.0.2214.115 Safari/537.36&#xD;&#xA;" />
    </item>
    <item name="APPL_MD_PATH">
      <value string="/LM/W3SVC/2/ROOT" />
    </item>
    <item name="APPL_PHYSICAL_PATH">
      <value string="C:\Dev\BaseApplication\BaseApplication.MvcWebHost\" />
    </item>
    <item name="AUTH_TYPE">
      <value string="" />
    </item>
    <item name="AUTH_USER">
      <value string="" />
    </item>
    <item name="AUTH_PASSWORD">
      <value string="*****" />
    </item>
    <item name="LOGON_USER">
      <value string="" />
    </item>
    <item name="REMOTE_USER">
      <value string="" />
    </item>
    <item name="CERT_COOKIE">
      <value string="" />
    </item>
    <item name="CERT_FLAGS">
      <value string="" />
    </item>
    <item name="CERT_ISSUER">
      <value string="" />
    </item>
    <item name="CERT_KEYSIZE">
      <value string="" />
    </item>
    <item name="CERT_SECRETKEYSIZE">
      <value string="" />
    </item>
    <item name="CERT_SERIALNUMBER">
      <value string="" />
    </item>
    <item name="CERT_SERVER_ISSUER">
      <value string="" />
    </item>
    <item name="CERT_SERVER_SUBJECT">
      <value string="" />
    </item>
    <item name="CERT_SUBJECT">
      <value string="" />
    </item>
    <item name="CONTENT_LENGTH">
      <value string="0" />
    </item>
    <item name="CONTENT_TYPE">
      <value string="" />
    </item>
    <item name="GATEWAY_INTERFACE">
      <value string="CGI/1.1" />
    </item>
    <item name="HTTPS">
      <value string="off" />
    </item>
    <item name="HTTPS_KEYSIZE">
      <value string="" />
    </item>
    <item name="HTTPS_SECRETKEYSIZE">
      <value string="" />
    </item>
    <item name="HTTPS_SERVER_ISSUER">
      <value string="" />
    </item>
    <item name="HTTPS_SERVER_SUBJECT">
      <value string="" />
    </item>
    <item name="INSTANCE_ID">
      <value string="2" />
    </item>
    <item name="INSTANCE_META_PATH">
      <value string="/LM/W3SVC/2" />
    </item>
    <item name="LOCAL_ADDR">
      <value string="::1" />
    </item>
    <item name="PATH_INFO">
      <value string="/Mantenedor/Examinador/ExportDataCSV" />
    </item>
    <item name="PATH_TRANSLATED">
      <value string="C:\Dev\BaseApplication\BaseApplication.MvcWebHost\Mantenedor\Examinador\ExportDataCSV" />
    </item>
    <item name="QUERY_STRING">
      <value string="filterDto=BaseApplication.SL.DTO.ExaminadorFilterDTO" />
    </item>
    <item name="REMOTE_ADDR">
      <value string="::1" />
    </item>
    <item name="REMOTE_HOST">
      <value string="::1" />
    </item>
    <item name="REMOTE_PORT">
      <value string="6408" />
    </item>
    <item name="REQUEST_METHOD">
      <value string="GET" />
    </item>
    <item name="SCRIPT_NAME">
      <value string="/Mantenedor/Examinador/ExportDataCSV" />
    </item>
    <item name="SERVER_NAME">
      <value string="localhost" />
    </item>
    <item name="SERVER_PORT">
      <value string="50233" />
    </item>
    <item name="SERVER_PORT_SECURE">
      <value string="0" />
    </item>
    <item name="SERVER_PROTOCOL">
      <value string="HTTP/1.1" />
    </item>
    <item name="SERVER_SOFTWARE">
      <value string="Microsoft-IIS/8.0" />
    </item>
    <item name="URL">
      <value string="/Mantenedor/Examinador/ExportDataCSV" />
    </item>
    <item name="HTTP_CONNECTION">
      <value string="keep-alive" />
    </item>
    <item name="HTTP_ACCEPT">
      <value string="text/html,application/xhtml+xml,application/xml;q=0.9,image/webp,*/*;q=0.8" />
    </item>
    <item name="HTTP_ACCEPT_ENCODING">
      <value string="gzip, deflate, sdch" />
    </item>
    <item name="HTTP_ACCEPT_LANGUAGE">
      <value string="es-419,es;q=0.8" />
    </item>
    <item name="HTTP_HOST">
      <value string="localhost:50233" />
    </item>
    <item name="HTTP_REFERER">
      <value string="http://localhost:50233/Mantenedor/Examinador" />
    </item>
    <item name="HTTP_USER_AGENT">
      <value string="Mozilla/5.0 (Windows NT 6.1; WOW64) AppleWebKit/537.36 (KHTML, like Gecko) Chrome/40.0.2214.115 Safari/537.36" />
    </item>
  </serverVariables>
  <queryString>
    <item name="filterDto">
      <value string="BaseApplication.SL.DTO.ExaminadorFilterDTO" />
    </item>
  </queryString>
</error>